cod	nombre	img
1	Alice Johnson	alice_johnson.jpg
2	Bob Anderson	bob_anderson.jpg
3	Charlie Brown	charlie_brown.jpg
4	David Robinson	david_robinson.jpg
5	Emma White	emma_white.jpg
6	Fiona Green	fiona_green.jpg
7	George Miller	george_miller.jpg
8	Holly Davis	holly_davis.jpg
9	Ian Perez	ian_perez.jpg
10	Jessica Garcia	jessica_garcia.jpg
11	Kelly Smith	kelly_smith.jpg
12	Liam Turner	liam_turner.jpg
13	Megan Clark	megan_clark.jpg
14	Noah White	noah_white.jpg
15	Olivia Taylor	olivia_taylor.jpg
16	Patrick Martin	patrick_martin.jpg